size,F1
Small,0.4200913242009132
Large,0.5104602510460251