prompt,F1
n = 2,0.4747252747252747
n = 4,0.5206611570247933
n = 8,0.5083333333333333
n = 16,0.497907949790795
'Similar\n(n = 8)',0.5948103792415169
+ NL\n(n = 8),0.5126050420168067