temperature,F1
0.0,0.5083333333333333
0.1,0.5052192066805845
0.2,0.5115303983228512
0.3,0.4968152866242038
0.4,0.510548523206751
0.5,0.5116279069767441
0.6,0.524731182795699
0.7,0.5249457700650759
0.8,0.5010989010989011
0.9,0.4703296703296703